{
  "name": "MTruyen",
  "description": "Nguồn lấy truyện từ mtruyen.io.vn (full: list, detail, toc, chap)",
  "version": 2,
  "plugins": [
    {
      "name": "MTruyen - List",
      "author": "ChatGPT",
      "path": "mtruyen/index.js"
    },
    {
      "name": "MTruyen - Detail",
      "author": "ChatGPT",
      "path": "mtruyen/detail.js"
    },
    {
      "name": "MTruyen - Toc",
      "author": "ChatGPT",
      "path": "mtruyen/toc.js"
    },
    {
      "name": "MTruyen - Chap",
      "author": "ChatGPT",
      "path": "mtruyen/chap.js"
    }
  ]
}